{
  "project_info": {
    "project_number": "415064137294",
    "project_id": "newproject2-123b4",
    "storage_bucket": "newproject2-123b4.firebasestorage.app"
  },
  "client": [
    {
      "client_info": {
        "mobilesdk_app_id": "1:415064137294:android:50a71dd4dec6c103336d1f",
        "android_client_info": {
          "package_name": "com.example.newproject2"
        }
      },
      "oauth_client": [],
      "api_key": [
        {
          "current_key": "AIzaSyAZHbJdjsxRrG4YAYHXDjycYUVcb11yLIg"
        }
      ],
      "services": {
        "appinvite_service": {
          "other_platform_oauth_client": []
        }
      }
    }
  ],
  "configuration_version": "1"
}